ID,RegionVariable,EXP,H1_0,H1_1,H1_2,H1_3,H2_0,H2_1,H2_2,H2_3,H3_0,H3_1,H3_2,H3_3
442135,2,Experienced,1295.0,135.0,523.0,346.0,,240.0,792.0,1407.0,,,305.0,
995668,4,Newbie,,,,,,,,,-160.0,330.0,205.0,765.0
675738,5,Newbie,1095.0,135.0,323.0,646.0,818.0,140.0,192.0,807.0,-310.0,130.0,5.0,165.0
899444,4,Newbie,595.0,135.0,1023.0,446.0,218.0,140.0,792.0,907.0,-110.0,180.0,5.0,765.0
145542,5,Experienced,795.0,-65.0,123.0,446.0,418.0,40.0,392.0,1007.0,-10.0,130.0,5.0,-35.0
483572,6,Experienced,,-165.0,123.0,446.0,-182.0,-60.0,392.0,1007.0,-410.0,130.0,55.0,465.0
365679,3,Experienced,1095.0,135.0,-277.0,-154.0,818.0,240.0,-8.0,407.0,-310.0,30.0,-95.0,-35.0
654243,3,Experienced,795.0,-65.0,723.0,846.0,218.0,-60.0,792.0,1007.0,-310.0,130.0,305.0,565.0
879550,2,Experienced,1295.0,135.0,1123.0,846.0,618.0,-60.0,792.0,1007.0,-110.0,230.0,205.0,565.0
889646,3,Experienced,995.0,-115.0,523.0,846.0,818.0,-10.0,792.0,907.0,-160.0,-70.0,-195.0,-35.0
823152,4,Experienced,,435.0,1123.0,1446.0,1018.0,340.0,992.0,1607.0,90.0,430.0,305.0,
972274,1,Experienced,995.0,-115.0,23.0,346.0,818.0,-10.0,292.0,907.0,90.0,180.0,55.0,465.0
284961,3,Experienced,1295.0,-365.0,523.0,846.0,818.0,-260.0,392.0,1007.0,-410.0,-70.0,-195.0,-35.0
157210,2,Experienced,995.0,135.0,523.0,546.0,818.0,240.0,792.0,1107.0,-110.0,180.0,55.0,465.0
774876,1,Experienced,995.0,135.0,323.0,846.0,418.0,40.0,192.0,1007.0,-110.0,230.0,105.0,565.0
856286,3,Experienced,795.0,-65.0,523.0,446.0,418.0,40.0,792.0,1007.0,-210.0,230.0,105.0,565.0
931414,5,Experienced,895.0,35.0,323.0,846.0,318.0,-60.0,192.0,807.0,-210.0,30.0,5.0,365.0
159375,5,Experienced,,,,,818.0,240.0,792.0,1407.0,-410.0,-70.0,-195.0,-35.0
287172,3,Experienced,1095.0,-165.0,723.0,1046.0,618.0,-60.0,592.0,1207.0,-210.0,180.0,5.0,365.0
373664,6,Experienced,,-365.0,,-154.0,318.0,-60.0,192.0,807.0,-260.0,55.0,-95.0,165.0
777773,5,Experienced,1095.0,235.0,723.0,1046.0,618.0,140.0,592.0,1207.0,-210.0,130.0,5.0,365.0
863740,5,Newbie,,385.0,,,,,,,-310.0,80.0,-45.0,265.0
938012,3,Newbie,995.0,135.0,523.0,846.0,818.0,240.0,792.0,1407.0,-310.0,30.0,-95.0,165.0
989696,3,Newbie,1145.0,-65.0,1223.0,1346.0,818.0,-10.0,1092.0,1407.0,90.0,330.0,305.0,565.0
014820,2,Newbie,695.0,-165.0,-77.0,246.0,18.0,-160.0,-8.0,607.0,-260.0,30.0,-95.0,165.0
024451,2,Experienced,995.0,135.0,523.0,446.0,818.0,240.0,792.0,1007.0,-110.0,230.0,105.0,
108975,3,Experienced,995.0,135.0,523.0,846.0,818.0,240.0,792.0,1407.0,-310.0,30.0,-95.0,165.0
505250,3,Experienced,995.0,135.0,523.0,846.0,818.0,240.0,792.0,1407.0,-310.0,130.0,5.0,365.0
205236,3,Experienced,1395.0,,,,1018.0,,,,-210.0,,,
229759,2,Newbie,,,,,,,,2007.0,,,,
824946,2,Experienced,,-365.0,523.0,-154.0,-182.0,-260.0,792.0,407.0,90.0,-70.0,305.0,
062295,5,Experienced,995.0,385.0,1123.0,1446.0,318.0,40.0,592.0,1407.0,-60.0,130.0,55.0,565.0
351317,4,Experienced,795.0,-265.0,923.0,1246.0,118.0,-160.0,792.0,1407.0,-210.0,80.0,55.0,465.0
367696,5,Newbie,995.0,135.0,723.0,846.0,818.0,240.0,792.0,1407.0,90.0,230.0,5.0,565.0
014237,5,Experienced,1095.0,235.0,,,1018.0,340.0,,1607.0,-110.0,230.0,5.0,365.0
678960,6,Experienced,1245.0,135.0,523.0,846.0,618.0,40.0,292.0,907.0,-310.0,80.0,-45.0,65.0
913086,3,Experienced,695.0,-165.0,-77.0,246.0,218.0,-60.0,192.0,807.0,-310.0,-70.0,5.0,365.0
536680,2,Newbie,,,,,,,,,-110.0,,105.0,565.0
628856,5,Experienced,795.0,-165.0,523.0,446.0,418.0,-160.0,792.0,1007.0,-210.0,130.0,5.0,365.0
698792,3,Experienced,695.0,135.0,723.0,1046.0,618.0,240.0,592.0,1407.0,-310.0,-70.0,-145.0,65.0
958174,5,Experienced,995.0,135.0,523.0,846.0,618.0,40.0,392.0,1207.0,-10.0,230.0,105.0,765.0
037781,1,Experienced,,135.0,523.0,846.0,818.0,240.0,792.0,1407.0,-260.0,-70.0,-195.0,-35.0
334717,3,Newbie,1095.0,135.0,423.0,846.0,618.0,40.0,392.0,1007.0,-310.0,30.0,-95.0,265.0
680860,6,Newbie,795.0,-65.0,223.0,446.0,318.0,-10.0,292.0,907.0,-160.0,130.0,5.0,365.0
100139,3,Newbie,895.0,-65.0,323.0,646.0,618.0,40.0,192.0,1007.0,-410.0,-70.0,-195.0,-35.0
235725,5,Experienced,,-364.0,-77.0,246.0,-182.0,-60.0,-8.0,607.0,-310.0,-70.0,-195.0,-35.0
117146,5,Experienced,995.0,135.0,523.0,1346.0,818.0,240.0,792.0,1907.0,-110.0,130.0,5.0,365.0
291418,2,Newbie,,,523.0,46.0,,,792.0,607.0,,,-95.0,-35.0
642421,4,Newbie,,,,,,,,,90.0,430.0,105.0,565.0
661678,1,Experienced,1095.0,-365.0,,846.0,818.0,-260.0,,1407.0,-210.0,230.0,305.0,365.0
807242,2,Newbie,1095.0,235.0,1323.0,1046.0,618.0,240.0,592.0,1007.0,90.0,,305.0,
042381,1,Newbie,895.0,-215.0,-177.0,146.0,618.0,-110.0,92.0,707.0,-410.0,-70.0,-195.0,-35.0
009619,3,Newbie,1095.0,235.0,523.0,846.0,618.0,140.0,192.0,807.0,-210.0,130.0,5.0,365.0
624275,3,Newbie,595.0,-265.0,123.0,446.0,18.0,-160.0,392.0,1007.0,-210.0,230.0,205.0,565.0
023498,5,Experienced,995.0,35.0,123.0,646.0,418.0,40.0,192.0,1007.0,-110.0,130.0,-95.0,165.0
536693,2,Experienced,995.0,135.0,523.0,846.0,618.0,240.0,592.0,1207.0,-310.0,130.0,55.0,465.0
787574,6,Newbie,695.0,-115.0,123.0,446.0,168.0,-60.0,292.0,907.0,-160.0,180.0,5.0,315.0
493418,4,Newbie,745.0,-115.0,523.0,446.0,318.0,-10.0,792.0,1007.0,-160.0,130.0,5.0,365.0
696231,3,Newbie,845.0,-165.0,-77.0,246.0,318.0,-60.0,92.0,707.0,-110.0,230.0,5.0,165.0
091274,4,Experienced,745.0,135.0,523.0,,318.0,240.0,792.0,1407.0,-360.0,30.0,-95.0,65.0
202351,6,Newbie,,,,,1018.0,,,,,,,
247967,2,Experienced,995.0,-65.0,123.0,246.0,818.0,40.0,392.0,807.0,-110.0,130.0,5.0,365.0
153961,5,Experienced,895.0,-215.0,123.0,246.0,218.0,-160.0,-8.0,407.0,-310.0,130.0,-195.0,-35.0
531829,1,Experienced,995.0,135.0,523.0,846.0,818.0,240.0,792.0,1407.0,-210.0,130.0,5.0,565.0
738854,3,Newbie,995.0,135.0,1023.0,846.0,818.0,240.0,792.0,1207.0,-160.0,180.0,55.0,465.0
744981,3,Experienced,895.0,-65.0,323.0,446.0,618.0,-60.0,392.0,807.0,-210.0,-70.0,-195.0,-35.0
759183,3,Experienced,995.0,135.0,523.0,846.0,818.0,240.0,792.0,1407.0,-410.0,-70.0,-195.0,-35.0
759222,1,Newbie,795.0,-215.0,-177.0,146.0,218.0,-160.0,-8.0,607.0,-310.0,30.0,-95.0,165.0
760745,3,Experienced,995.0,135.0,523.0,846.0,818.0,240.0,792.0,1407.0,-210.0,30.0,5.0,165.0
766958,4,Experienced,745.0,-365.0,323.0,646.0,-182.0,-260.0,292.0,907.0,-160.0,-70.0,55.0,465.0
813797,3,Experienced,895.0,135.0,723.0,446.0,218.0,340.0,392.0,807.0,,430.0,,
821826,5,Newbie,595.0,135.0,23.0,346.0,18.0,140.0,292.0,907.0,-210.0,30.0,-95.0,165.0
935087,3,Experienced,1295.0,435.0,923.0,1446.0,1218.0,440.0,792.0,1807.0,-410.0,-70.0,-195.0,-35.0
950079,6,Newbie,895.0,-165.0,123.0,446.0,418.0,-160.0,192.0,807.0,-360.0,-20.0,-145.0,65.0
984569,2,Experienced,,-365.0,523.0,846.0,-182.0,-260.0,788.0,1407.0,-410.0,-70.0,5.0,
009958,3,Experienced,1245.0,385.0,1023.0,1346.0,518.0,240.0,792.0,1407.0,,230.0,105.0,565.0
111066,1,Newbie,994.0,-215.0,23.0,146.0,418.0,-110.0,790.0,707.0,-360.0,-70.0,-195.0,-35.0
272791,5,Newbie,995.0,135.0,523.0,846.0,418.0,90.0,292.0,907.0,90.0,430.0,305.0,
357287,5,Experienced,995.0,135.0,523.0,846.0,818.0,240.0,792.0,1407.0,-410.0,180.0,55.0,465.0
428463,3,Experienced,695.0,-65.0,1123.0,1446.0,18.0,-60.0,992.0,1607.0,-210.0,130.0,105.0,565.0
453679,4,Experienced,,,,,1218.0,440.0,,2007.0,-10.0,-70.0,205.0,765.0
518116,6,Experienced,895.0,135.0,1123.0,1446.0,1018.0,40.0,392.0,1207.0,-210.0,130.0,5.0,565.0
722590,5,Newbie,995.0,35.0,323.0,846.0,518.0,90.0,392.0,1007.0,-160.0,230.0,55.0,465.0
768271,5,Experienced,995.0,135.0,523.0,846.0,818.0,240.0,792.0,1407.0,-110.0,230.0,5.0,565.0
898763,5,Newbie,845.0,-15.0,323.0,446.0,518.0,90.0,492.0,907.0,-210.0,130.0,5.0,465.0
928071,5,Newbie,,,,,,,,,,,,
992144,3,Newbie,795.0,-65.0,123.0,446.0,218.0,-60.0,192.0,807.0,-210.0,130.0,5.0,365.0
114957,5,Experienced,,135.0,,-154.0,,240.0,,407.0,90.0,,,465.0
249457,3,Experienced,995.0,-365.0,523.0,-154.0,518.0,-260.0,792.0,407.0,-410.0,-70.0,55.0,-35.0
292727,3,Experienced,895.0,-115.0,523.0,846.0,318.0,-260.0,392.0,907.0,-210.0,130.0,5.0,365.0
383681,1,Experienced,895.0,-65.0,123.0,646.0,418.0,-60.0,392.0,1007.0,-310.0,30.0,-95.0,165.0
572060,1,Experienced,745.0,-165.0,23.0,646.0,318.0,-60.0,92.0,907.0,-310.0,-70.0,5.0,165.0
067590,6,Newbie,695.0,-165.0,323.0,246.0,218.0,-60.0,792.0,807.0,-260.0,80.0,205.0,365.0
818122,5,Experienced,1245.0,385.0,1023.0,1346.0,818.0,240.0,792.0,1407.0,90.0,130.0,5.0,165.0
408869,2,Experienced,,,,,,,,,-60.0,230.0,305.0,665.0
638461,2,Newbie,595.0,,,446.0,18.0,,,607.0,-110.0,,,565.0
814652,1,Experienced,595.0,-265.0,-177.0,46.0,18.0,-160.0,-8.0,607.0,-410.0,-20.0,-145.0,65.0
194683,5,Experienced,845.0,-15.0,223.0,546.0,418.0,40.0,392.0,1007.0,-310.0,30.0,-95.0,165.0
261583,5,Experienced,745.0,-65.0,523.0,846.0,218.0,-60.0,392.0,1007.0,-210.0,-70.0,-95.0,65.0
496042,6,Newbie,,,,,,,,,-110.0,430.0,305.0,
856088,3,Experienced,995.0,135.0,,1246.0,818.0,240.0,,1807.0,-210.0,130.0,-95.0,165.0
914871,4,Experienced,695.0,-165.0,-77.0,46.0,218.0,-60.0,192.0,607.0,-210.0,130.0,5.0,165.0
146073,5,Experienced,695.0,-165.0,-77.0,246.0,218.0,-60.0,192.0,807.0,-260.0,80.0,-45.0,265.0
161497,5,Experienced,1095.0,235.0,723.0,1046.0,818.0,240.0,792.0,1407.0,-210.0,130.0,55.0,465.0
328376,3,Newbie,,,,,1018.0,240.0,792.0,1407.0,-210.0,130.0,5.0,365.0
514711,4,Newbie,995.0,-265.0,-77.0,46.0,318.0,-160.0,192.0,407.0,-410.0,-70.0,-195.0,-35.0
620985,3,Experienced,895.0,35.0,323.0,646.0,218.0,-60.0,192.0,807.0,-310.0,30.0,-95.0,165.0
133030,1,Newbie,795.0,-65.0,523.0,846.0,418.0,40.0,792.0,1407.0,90.0,430.0,305.0,
497283,3,Experienced,695.0,-65.0,-77.0,246.0,18.0,-160.0,-8.0,607.0,-310.0,30.0,-95.0,165.0
581998,1,Experienced,645.0,-215.0,23.0,146.0,118.0,-110.0,92.0,707.0,-160.0,180.0,55.0,465.0
927083,3,Experienced,595.0,-265.0,123.0,46.0,18.0,-160.0,192.0,607.0,-110.0,30.0,5.0,165.0
967393,2,Experienced,795.0,-365.0,,-154.0,818.0,240.0,792.0,1407.0,-310.0,-70.0,-95.0,-35.0
447022,3,Experienced,595.0,-115.0,-77.0,246.0,118.0,90.0,492.0,907.0,-60.0,280.0,155.0,365.0
173393,5,Experienced,945.0,-15.0,223.0,546.0,418.0,-60.0,192.0,807.0,-260.0,30.0,5.0,265.0
221045,6,Experienced,595.0,-215.0,523.0,546.0,618.0,-60.0,792.0,907.0,-260.0,130.0,-45.0,365.0
328828,2,Newbie,995.0,135.0,523.0,846.0,818.0,240.0,792.0,1407.0,90.0,430.0,305.0,
321085,5,Experienced,995.0,-65.0,523.0,446.0,618.0,40.0,792.0,1007.0,-210.0,130.0,5.0,365.0
257818,5,Experienced,895.0,-365.0,523.0,846.0,-182.0,-260.0,792.0,1407.0,90.0,430.0,305.0,
622193,1,Experienced,795.0,35.0,523.0,246.0,218.0,40.0,592.0,1007.0,90.0,430.0,305.0,765.0
469514,3,Experienced,1095.0,-115.0,23.0,346.0,818.0,-110.0,92.0,707.0,-310.0,-20.0,-145.0,65.0
957384,5,Experienced,,-365.0,,-154.0,-182.0,-260.0,-208.0,407.0,-410.0,180.0,55.0,365.0
111138,3,Newbie,,-365.0,523.0,346.0,-182.0,-260.0,792.0,1407.0,-160.0,180.0,305.0,
610176,3,Experienced,645.0,-115.0,723.0,546.0,18.0,-60.0,792.0,1007.0,-210.0,130.0,105.0,365.0
627227,3,Experienced,1295.0,435.0,1123.0,1446.0,818.0,240.0,792.0,1407.0,-210.0,130.0,5.0,365.0
684229,1,Newbie,995.0,-265.0,523.0,346.0,518.0,-160.0,492.0,807.0,-210.0,280.0,-95.0,165.0
706369,5,Newbie,995.0,135.0,123.0,846.0,418.0,90.0,192.0,1007.0,-410.0,230.0,-45.0,365.0
709598,4,Experienced,,,,,1318.0,440.0,1192.0,1807.0,-410.0,-70.0,-45.0,265.0
719826,4,Experienced,695.0,-165.0,-77.0,246.0,18.0,-160.0,-8.0,607.0,-360.0,-20.0,-195.0,-35.0
739279,3,Newbie,745.0,-65.0,23.0,346.0,118.0,-110.0,-8.0,607.0,-310.0,-70.0,-195.0,-35.0
757259,5,Experienced,795.0,-65.0,123.0,446.0,218.0,-60.0,192.0,807.0,-210.0,230.0,105.0,565.0
810183,1,Experienced,895.0,-65.0,123.0,646.0,418.0,-60.0,192.0,1007.0,-310.0,30.0,-95.0,165.0
820083,2,Newbie,795.0,-365.0,223.0,446.0,118.0,-260.0,92.0,707.0,-310.0,-70.0,-95.0,-35.0
842449,1,Newbie,995.0,,,,618.0,,,,-410.0,-70.0,305.0,365.0
852679,2,Experienced,995.0,,,,818.0,360.0,,1597.0,,130.0,300.0,-35.0
889529,2,Experienced,,,,,,,,,90.0,430.0,305.0,
085538,2,Newbie,695.0,-165.0,-77.0,246.0,218.0,-60.0,192.0,807.0,-310.0,30.0,-95.0,165.0
111581,3,Experienced,1095.0,135.0,723.0,846.0,818.0,240.0,792.0,1007.0,-310.0,30.0,-95.0,-35.0
163424,2,Experienced,1345.0,35.0,523.0,646.0,818.0,190.0,792.0,1407.0,-210.0,180.0,5.0,465.0
288650,2,Experienced,895.0,-65.0,123.0,446.0,218.0,-60.0,192.0,807.0,-110.0,130.0,5.0,365.0
346552,5,Newbie,995.0,135.0,723.0,846.0,818.0,240.0,992.0,1407.0,-160.0,130.0,55.0,465.0
457722,3,Experienced,695.0,-165.0,-77.0,246.0,-182.0,-60.0,192.0,807.0,-410.0,-70.0,-195.0,-35.0
461064,1,Newbie,845.0,-115.0,223.0,446.0,318.0,-60.0,292.0,807.0,-260.0,30.0,-95.0,115.0
527677,2,Experienced,895.0,-65.0,123.0,446.0,418.0,-60.0,192.0,807.0,-410.0,-70.0,-195.0,-35.0
953054,4,Newbie,995.0,135.0,523.0,846.0,218.0,140.0,192.0,1207.0,-210.0,230.0,105.0,665.0
009355,2,Experienced,795.0,135.0,,,418.0,240.0,792.0,1407.0,-110.0,430.0,105.0,
594249,4,Experienced,995.0,135.0,,,818.0,240.0,792.0,1407.0,-310.0,30.0,-95.0,165.0
168081,2,Experienced,995.0,135.0,523.0,846.0,818.0,240.0,792.0,1407.0,-410.0,-70.0,-195.0,-35.0
261717,1,Newbie,,,,,,,,,90.0,430.0,305.0,
510875,2,Experienced,995.0,-115.0,23.0,346.0,818.0,-10.0,92.0,907.0,,180.0,55.0,465.0
722833,2,Experienced,945.0,-15.0,623.0,546.0,368.0,40.0,592.0,957.0,-85.0,230.0,105.0,415.0
936737,5,Experienced,1245.0,135.0,523.0,846.0,818.0,40.0,392.0,1007.0,-310.0,30.0,-95.0,165.0
158966,5,Experienced,995.0,435.0,1123.0,1446.0,818.0,,,2007.0,90.0,-70.0,105.0,565.0
773914,1,Experienced,995.0,-115.0,23.0,346.0,418.0,-160.0,192.0,807.0,-310.0,30.0,-95.0,165.0
828725,5,Newbie,995.0,,,,418.0,,,,-110.0,,,
646385,4,Experienced,995.0,135.0,523.0,846.0,818.0,240.0,792.0,1407.0,-110.0,230.0,105.0,565.0
443070,5,Newbie,795.0,-165.0,-77.0,246.0,418.0,-60.0,192.0,807.0,-410.0,230.0,5.0,565.0
183328,1,Newbie,995.0,-365.0,523.0,346.0,818.0,-260.0,792.0,907.0,-310.0,130.0,155.0,265.0
344624,3,Newbie,995.0,-365.0,,-154.0,818.0,-260.0,,1407.0,90.0,30.0,-95.0,-35.0
421774,5,Experienced,995.0,135.0,523.0,846.0,818.0,240.0,792.0,1407.0,90.0,180.0,-95.0,265.0
422919,5,Newbie,1195.0,335.0,923.0,846.0,818.0,240.0,792.0,1407.0,-110.0,230.0,105.0,565.0
583856,3,Newbie,695.0,-215.0,-277.0,46.0,218.0,-160.0,-8.0,607.0,-410.0,-70.0,-195.0,-35.0
872551,2,Experienced,1095.0,-365.0,523.0,646.0,418.0,-260.0,292.0,807.0,-210.0,330.0,5.0,365.0
022821,1,Newbie,1295.0,435.0,1123.0,1446.0,1018.0,340.0,992.0,1607.0,-410.0,-70.0,-195.0,-35.0
100670,5,Experienced,795.0,35.0,123.0,446.0,118.0,-10.0,92.0,707.0,-410.0,-70.0,-195.0,-35.0
458289,3,Newbie,745.0,,-77.0,46.0,118.0,,92.0,607.0,-410.0,,-195.0,-35.0
686362,1,Experienced,995.0,-65.0,523.0,646.0,818.0,40.0,792.0,1007.0,-110.0,130.0,5.0,365.0
020593,3,Experienced,945.0,-65.0,323.0,246.0,418.0,-60.0,392.0,707.0,-210.0,130.0,-45.0,365.0
760877,3,Experienced,995.0,135.0,523.0,846.0,418.0,40.0,392.0,1007.0,-410.0,30.0,-195.0,-35.0
775511,1,Experienced,595.0,-265.0,-77.0,246.0,18.0,-160.0,192.0,807.0,-410.0,-70.0,-195.0,-35.0
801778,5,Newbie,,,,1346.0,,,,1907.0,-410.0,130.0,5.0,-35.0
991123,4,Newbie,1295.0,35.0,323.0,846.0,,140.0,592.0,1407.0,-310.0,30.0,-95.0,365.0
068680,2,Experienced,,135.0,,846.0,818.0,240.0,792.0,1407.0,90.0,330.0,305.0,
213692,3,Experienced,795.0,-365.0,523.0,-154.0,418.0,-260.0,392.0,407.0,-410.0,-70.0,-195.0,-35.0
224317,1,Newbie,,-165.0,,1446.0,818.0,-60.0,792.0,1207.0,-110.0,80.0,55.0,565.0
238440,4,Experienced,995.0,135.0,523.0,846.0,218.0,240.0,792.0,1407.0,-210.0,130.0,55.0,465.0
265150,1,Experienced,745.0,-115.0,223.0,546.0,218.0,-60.0,392.0,1007.0,-260.0,330.0,105.0,315.0
339626,2,Experienced,1295.0,435.0,,1446.0,818.0,240.0,792.0,1407.0,-110.0,130.0,5.0,365.0
355050,5,Newbie,795.0,135.0,523.0,846.0,418.0,240.0,792.0,1407.0,-310.0,130.0,5.0,265.0
363291,5,Experienced,995.0,235.0,723.0,646.0,,240.0,592.0,1207.0,90.0,,205.0,865.0
364583,3,Experienced,695.0,-265.0,-177.0,146.0,18.0,-160.0,92.0,707.0,-310.0,30.0,-95.0,165.0
373460,4,Newbie,,-115.0,523.0,346.0,818.0,240.0,292.0,907.0,90.0,180.0,305.0,
685129,1,Experienced,895.0,-165.0,323.0,46.0,418.0,-60.0,392.0,607.0,-410.0,-70.0,-195.0,-35.0
737387,5,Newbie,995.0,135.0,,,818.0,240.0,792.0,1407.0,-160.0,180.0,305.0,
751631,6,Newbie,895.0,-365.0,323.0,446.0,618.0,-260.0,592.0,1007.0,-10.0,180.0,5.0,365.0
809859,4,Newbie,895.0,135.0,523.0,846.0,618.0,240.0,792.0,1407.0,-410.0,-70.0,105.0,565.0
814551,1,Experienced,1195.0,235.0,723.0,1046.0,818.0,140.0,592.0,1207.0,-310.0,-70.0,-95.0,165.0
817819,1,Experienced,1095.0,-265.0,123.0,246.0,418.0,-160.0,392.0,807.0,-410.0,80.0,105.0,165.0
921710,2,Experienced,745.0,135.0,523.0,846.0,318.0,-60.0,292.0,907.0,-210.0,130.0,5.0,365.0
921943,3,Newbie,695.0,-165.0,-77.0,346.0,18.0,-160.0,-8.0,607.0,-160.0,130.0,-95.0,165.0
953227,2,Experienced,,,,,,,,,-110.0,130.0,5.0,365.0
962863,2,Experienced,1245.0,385.0,,,818.0,240.0,792.0,1407.0,-310.0,-70.0,-195.0,-35.0
963142,2,Experienced,,,,,,,,2207.0,-110.0,,5.0,365.0
008640,2,Experienced,795.0,-165.0,-77.0,246.0,218.0,-160.0,-8.0,607.0,-410.0,-70.0,-195.0,-35.0
058020,6,Newbie,1095.0,35.0,723.0,1046.0,,240.0,,2207.0,-60.0,,205.0,
241634,5,Newbie,,-365.0,523.0,846.0,-182.0,-260.0,292.0,907.0,-160.0,180.0,55.0,465.0
412289,3,Experienced,795.0,-165.0,123.0,446.0,218.0,-60.0,192.0,807.0,-210.0,30.0,5.0,165.0
923616,4,Experienced,995.0,135.0,523.0,846.0,418.0,-10.0,392.0,1007.0,-160.0,-70.0,105.0,365.0
060477,6,Newbie,1195.0,335.0,923.0,1246.0,1218.0,440.0,1192.0,1807.0,,,,
264161,1,Experienced,795.0,-65.0,523.0,446.0,218.0,-60.0,392.0,807.0,-310.0,30.0,-95.0,165.0
273712,2,Newbie,995.0,-360.0,1023.0,846.0,818.0,-255.0,1292.0,1407.0,90.0,430.0,305.0,
668649,1,Experienced,1095.0,285.0,823.0,1146.0,818.0,240.0,792.0,1407.0,-160.0,-70.0,-195.0,365.0
687864,4,Newbie,995.0,135.0,523.0,846.0,818.0,-160.0,-208.0,407.0,-410.0,-70.0,-195.0,-35.0
804518,3,Newbie,995.0,-65.0,323.0,646.0,618.0,-60.0,392.0,1207.0,-210.0,130.0,-95.0,165.0
919072,1,Newbie,995.0,-265.0,-77.0,246.0,818.0,-160.0,192.0,807.0,-110.0,30.0,-95.0,165.0
076969,3,Experienced,695.0,-365.0,323.0,446.0,18.0,-260.0,192.0,807.0,-310.0,30.0,5.0,165.0
129465,1,Newbie,,,,846.0,818.0,240.0,792.0,,,430.0,305.0,
132032,6,Experienced,995.0,335.0,,,818.0,240.0,,,-310.0,30.0,5.0,165.0
165311,1,Experienced,695.0,-165.0,123.0,446.0,-182.0,-160.0,-8.0,607.0,-310.0,30.0,5.0,365.0
283740,5,Newbie,1345.0,385.0,,1346.0,1218.0,240.0,1292.0,1407.0,-60.0,430.0,305.0,
327244,3,Experienced,,-365.0,,1446.0,,240.0,792.0,1407.0,90.0,180.0,5.0,565.0
767375,3,Experienced,1295.0,135.0,923.0,846.0,1018.0,40.0,792.0,1007.0,-410.0,-70.0,5.0,365.0
166281,3,Experienced,,-365.0,323.0,846.0,-182.0,-260.0,592.0,1407.0,-10.0,330.0,,765.0
405698,3,Experienced,695.0,-365.0,-77.0,46.0,218.0,-260.0,192.0,607.0,-310.0,130.0,-95.0,165.0
636831,1,Experienced,895.0,-65.0,123.0,446.0,418.0,-60.0,192.0,807.0,-210.0,-70.0,5.0,365.0
647750,3,Newbie,745.0,-165.0,-177.0,146.0,118.0,-110.0,-8.0,607.0,-310.0,30.0,-95.0,165.0
717364,2,Experienced,995.0,-365.0,523.0,846.0,818.0,-260.0,792.0,1407.0,-110.0,-70.0,5.0,365.0
858529,4,Experienced,1095.0,235.0,,1346.0,818.0,240.0,1292.0,1607.0,-386.0,-46.0,-145.0,65.0
939880,2,Newbie,995.0,-215.0,-177.0,146.0,818.0,-110.0,92.0,707.0,-160.0,-20.0,-120.0,115.0
007219,2,Newbie,895.0,-365.0,523.0,346.0,318.0,-260.0,392.0,907.0,-210.0,130.0,-95.0,165.0
178165,1,Experienced,895.0,35.0,523.0,846.0,418.0,40.0,592.0,1207.0,-110.0,80.0,-45.0,365.0
254646,4,Newbie,1245.0,,1023.0,1346.0,1318.0,,1292.0,1907.0,90.0,,305.0,465.0
284895,5,Newbie,795.0,35.0,323.0,646.0,418.0,140.0,592.0,1207.0,-410.0,-70.0,-195.0,-35.0
288343,3,Experienced,845.0,-65.0,223.0,446.0,518.0,-160.0,392.0,607.0,-410.0,30.0,5.0,165.0
339041,6,Experienced,1295.0,-365.0,1123.0,846.0,618.0,40.0,592.0,1107.0,-110.0,330.0,205.0,565.0
429832,2,Experienced,,-365.0,1123.0,,1018.0,-260.0,792.0,1407.0,,430.0,,
455367,5,Newbie,895.0,-365.0,523.0,446.0,618.0,-260.0,792.0,1007.0,-210.0,330.0,105.0,565.0
500148,3,Newbie,995.0,135.0,523.0,846.0,818.0,240.0,792.0,1407.0,-310.0,130.0,-95.0,165.0
767219,2,Newbie,795.0,-165.0,-77.0,246.0,418.0,-60.0,192.0,807.0,-410.0,-70.0,-95.0,-35.0
873953,2,Experienced,995.0,-365.0,123.0,446.0,-182.0,40.0,392.0,1007.0,-210.0,130.0,105.0,565.0
924232,1,Experienced,995.0,-65.0,223.0,746.0,418.0,-60.0,292.0,1007.0,-360.0,-20.0,-45.0,165.0
994365,6,Newbie,595.0,-265.0,-277.0,46.0,18.0,-160.0,-8.0,607.0,-410.0,-70.0,-95.0,-35.0
009770,3,Newbie,845.0,35.0,223.0,646.0,318.0,40.0,292.0,1007.0,-210.0,30.0,5.0,365.0
078570,3,Experienced,995.0,135.0,523.0,846.0,818.0,240.0,792.0,1407.0,-410.0,-70.0,-195.0,-35.0
199285,1,Newbie,,-360.0,,-144.0,-176.0,-257.0,-204.0,411.0,-408.0,-67.0,-192.0,-27.0
884730,1,Newbie,595.0,-115.0,123.0,346.0,118.0,-60.0,292.0,707.0,-410.0,-70.0,-145.0,65.0
939452,6,Experienced,695.0,-365.0,-77.0,246.0,218.0,-60.0,192.0,807.0,-410.0,130.0,-95.0,165.0
975423,4,Experienced,995.0,-65.0,,446.0,418.0,-60.0,,807.0,-410.0,-70.0,,-35.0
085446,4,Newbie,695.0,-215.0,-77.0,246.0,18.0,-110.0,92.0,707.0,-360.0,-20.0,-95.0,165.0
130854,5,Experienced,895.0,-365.0,323.0,646.0,318.0,-60.0,192.0,807.0,-410.0,-70.0,-195.0,-35.0
250575,1,Experienced,595.0,-265.0,-277.0,146.0,-82.0,-210.0,-108.0,607.0,-360.0,30.0,-95.0,165.0
349590,2,Experienced,795.0,35.0,123.0,446.0,218.0,-60.0,192.0,607.0,-110.0,130.0,5.0,365.0
587019,3,Newbie,,,,,,,,,,,,
868640,4,Newbie,745.0,-265.0,-277.0,46.0,818.0,-60.0,192.0,807.0,-160.0,130.0,-95.0,165.0
875867,1,Newbie,795.0,-365.0,-227.0,-154.0,818.0,-260.0,292.0,407.0,-110.0,180.0,-195.0,265.0
878236,6,Experienced,,135.0,,846.0,818.0,240.0,792.0,1407.0,-110.0,180.0,5.0,
423439,3,Experienced,,,,846.0,,,,1407.0,-10.0,430.0,305.0,
914660,1,Experienced,795.0,-65.0,123.0,446.0,218.0,-60.0,192.0,807.0,-210.0,180.0,105.0,565.0
971098,3,Experienced,545.0,-315.0,-377.0,-54.0,-82.0,-210.0,-108.0,507.0,-410.0,-70.0,-195.0,-35.0
109458,3,Experienced,795.0,-65.0,123.0,446.0,418.0,40.0,392.0,1007.0,-110.0,30.0,-195.0,165.0
111260,5,Experienced,995.0,135.0,723.0,846.0,818.0,240.0,992.0,1407.0,-360.0,30.0,-95.0,165.0
127072,3,Experienced,745.0,-115.0,523.0,346.0,318.0,-10.0,792.0,907.0,-210.0,-70.0,-195.0,-35.0
187358,1,Newbie,995.0,-165.0,-277.0,-54.0,518.0,-160.0,-208.0,407.0,-10.0,-20.0,-145.0,65.0
352478,2,Experienced,795.0,-65.0,123.0,446.0,418.0,40.0,392.0,1007.0,-410.0,-70.0,-195.0,-35.0
353040,2,Experienced,1095.0,-365.0,523.0,346.0,1018.0,-260.0,792.0,907.0,-110.0,-70.0,5.0,165.0
402279,4,Newbie,845.0,-165.0,-77.0,246.0,318.0,-160.0,-8.0,607.0,-310.0,30.0,-95.0,165.0
415321,1,Experienced,995.0,135.0,523.0,846.0,418.0,40.0,392.0,1007.0,-210.0,230.0,105.0,565.0
417041,5,Experienced,795.0,-65.0,23.0,346.0,118.0,-110.0,192.0,807.0,-60.0,130.0,5.0,365.0
481959,3,Newbie,,,,,1318.0,,292.0,1407.0,-160.0,180.0,305.0,465.0
610524,3,Experienced,995.0,335.0,523.0,846.0,218.0,240.0,292.0,807.0,-310.0,-20.0,-95.0,165.0
783793,4,Experienced,995.0,-365.0,523.0,846.0,418.0,-260.0,792.0,1007.0,-410.0,-70.0,-145.0,365.0
602116,1,Experienced,1095.0,135.0,523.0,846.0,618.0,40.0,392.0,1007.0,90.0,130.0,5.0,365.0
698949,2,Experienced,995.0,135.0,523.0,846.0,318.0,-10.0,392.0,1007.0,-10.0,180.0,55.0,565.0
219236,5,Experienced,1295.0,435.0,1123.0,1446.0,818.0,240.0,792.0,1407.0,90.0,430.0,305.0,
653290,5,Newbie,995.0,135.0,523.0,646.0,518.0,40.0,492.0,1107.0,-210.0,180.0,55.0,465.0
362385,5,Experienced,,-365.0,,-154.0,818.0,140.0,592.0,1407.0,-10.0,230.0,-195.0,-35.0
495823,2,Newbie,995.0,135.0,523.0,346.0,818.0,240.0,792.0,907.0,90.0,430.0,305.0,465.0
558569,2,Newbie,995.0,135.0,523.0,846.0,818.0,240.0,792.0,1407.0,-310.0,30.0,5.0,-35.0
929650,5,Newbie,1295.0,435.0,1123.0,1446.0,,,,2007.0,90.0,280.0,155.0,
469213,3,Experienced,995.0,135.0,523.0,846.0,218.0,-60.0,192.0,607.0,-210.0,30.0,-95.0,165.0
964985,5,Experienced,795.0,-265.0,-77.0,346.0,218.0,-160.0,192.0,907.0,-210.0,-70.0,-95.0,165.0
245122,5,Experienced,995.0,-65.0,-77.0,446.0,618.0,40.0,192.0,1007.0,-310.0,130.0,5.0,365.0
441461,4,Newbie,795.0,-165.0,-27.0,296.0,318.0,-85.0,142.0,757.0,-260.0,30.0,-120.0,315.0
514789,5,Newbie,,35.0,323.0,646.0,-182.0,-10.0,292.0,907.0,-160.0,180.0,55.0,465.0
385114,2,Experienced,695.0,-165.0,-77.0,246.0,,-60.0,192.0,1005.0,90.0,130.0,5.0,465.0
397713,1,Experienced,795.0,-15.0,123.0,446.0,218.0,-60.0,192.0,807.0,90.0,130.0,5.0,365.0
639073,3,Experienced,745.0,-365.0,23.0,346.0,318.0,-260.0,292.0,907.0,-410.0,-70.0,-195.0,-35.0
639670,3,Newbie,,,,,,,,,-410.0,-70.0,-95.0,365.0
647438,2,Experienced,995.0,-365.0,323.0,646.0,418.0,-260.0,192.0,807.0,-210.0,130.0,5.0,365.0
649196,3,Newbie,995.0,135.0,523.0,346.0,318.0,-160.0,292.0,607.0,-160.0,30.0,-95.0,165.0
651533,2,Experienced,745.0,-115.0,,846.0,118.0,-110.0,,907.0,-310.0,30.0,55.0,165.0
652051,5,Experienced,,-365.0,,-152.0,818.0,240.0,792.0,1407.0,-410.0,-70.0,-195.0,-35.0
652516,2,Experienced,1295.0,435.0,,1446.0,1018.0,340.0,1192.0,1607.0,90.0,130.0,205.0,165.0
658626,3,Experienced,1295.0,435.0,1123.0,1446.0,818.0,240.0,792.0,1407.0,-210.0,180.0,5.0,365.0
660639,1,Experienced,,-365.0,,-154.0,-182.0,-260.0,-208.0,407.0,-410.0,-70.0,-195.0,-35.0
663616,1,Experienced,,,,,818.0,240.0,792.0,1407.0,90.0,430.0,305.0,
681643,3,Experienced,745.0,-165.0,123.0,446.0,318.0,-60.0,392.0,1007.0,-360.0,30.0,5.0,365.0
692850,2,Experienced,995.0,135.0,123.0,646.0,418.0,40.0,392.0,1007.0,-110.0,230.0,5.0,365.0
701910,3,Experienced,1295.0,435.0,1123.0,1446.0,818.0,240.0,792.0,1407.0,-310.0,-70.0,-195.0,-35.0
702430,1,Experienced,895.0,-365.0,-77.0,246.0,418.0,-260.0,-8.0,607.0,-410.0,-70.0,-195.0,-35.0
705853,3,Newbie,,-265.0,,46.0,,-160.0,,607.0,90.0,130.0,,165.0
845576,2,Experienced,745.0,-115.0,23.0,346.0,318.0,-10.0,292.0,907.0,40.0,80.0,-45.0,165.0
989538,1,Experienced,,,,,,,,2197.0,,,,563.0
012662,1,Experienced,995.0,135.0,523.0,846.0,418.0,40.0,392.0,1107.0,-210.0,180.0,55.0,165.0
081528,6,Newbie,595.0,-365.0,-377.0,-54.0,18.0,-260.0,-108.0,507.0,-410.0,-70.0,-195.0,-35.0
101688,4,Newbie,,,,,,,,,,,,
137793,3,Experienced,795.0,-165.0,-77.0,246.0,418.0,-60.0,192.0,807.0,-410.0,30.0,-95.0,165.0
196241,4,Experienced,645.0,-215.0,-177.0,146.0,18.0,-160.0,-8.0,607.0,-410.0,-70.0,-195.0,-35.0
237667,2,Experienced,695.0,-365.0,,-154.0,418.0,-260.0,-208.0,407.0,-410.0,-70.0,-195.0,-35.0
341738,2,Newbie,695.0,,,246.0,218.0,,,807.0,-210.0,,,365.0
359287,2,Experienced,995.0,,123.0,446.0,818.0,,392.0,1007.0,-110.0,,105.0,365.0
445687,2,Newbie,745.0,-265.0,-77.0,246.0,18.0,-160.0,-8.0,607.0,-160.0,180.0,5.0,465.0
520823,4,Experienced,745.0,-265.0,-77.0,46.0,318.0,-10.0,192.0,907.0,-310.0,30.0,-95.0,165.0
761352,4,Experienced,795.0,-365.0,,-154.0,418.0,-260.0,-208.0,407.0,-410.0,-70.0,-195.0,-35.0
805039,3,Experienced,745.0,-265.0,-77.0,246.0,618.0,-60.0,992.0,1207.0,-360.0,-20.0,-145.0,65.0
808424,3,Experienced,995.0,135.0,523.0,846.0,218.0,-60.0,192.0,807.0,-410.0,-70.0,-195.0,-35.0
148448,3,Experienced,595.0,-265.0,123.0,246.0,18.0,-160.0,92.0,607.0,-310.0,30.0,-95.0,365.0
630350,5,Newbie,595.0,-65.0,,46.0,18.0,-60.0,,807.0,-235.0,130.0,,365.0
858221,3,Experienced,995.0,-215.0,-277.0,46.0,368.0,-160.0,-8.0,607.0,-310.0,30.0,-145.0,-35.0
070482,5,Newbie,995.0,-165.0,123.0,246.0,518.0,-135.0,42.0,607.0,-360.0,-45.0,-95.0,65.0
334919,2,Experienced,,-265.0,,,,-160.0,,,-410.0,130.0,5.0,565.0
830139,2,Experienced,945.0,-165.0,323.0,246.0,518.0,-160.0,392.0,707.0,-310.0,80.0,5.0,265.0
879385,5,Experienced,695.0,-165.0,-77.0,246.0,118.0,-160.0,-8.0,607.0,-310.0,-20.0,-145.0,65.0
942680,2,Experienced,995.0,-65.0,123.0,446.0,418.0,40.0,192.0,807.0,-410.0,-70.0,-195.0,-35.0
069718,2,Experienced,1145.0,235.0,723.0,846.0,818.0,240.0,792.0,1407.0,-160.0,30.0,-95.0,365.0
269055,4,Newbie,745.0,-265.0,23.0,146.0,318.0,-160.0,292.0,707.0,-310.0,30.0,-95.0,165.0
403238,3,Experienced,995.0,-65.0,-77.0,246.0,618.0,-60.0,192.0,807.0,-310.0,30.0,-95.0,165.0
527115,1,Experienced,845.0,-15.0,223.0,546.0,218.0,-60.0,292.0,907.0,-410.0,-70.0,-95.0,-35.0
752582,5,Newbie,695.0,-290.0,23.0,146.0,118.0,-210.0,92.0,607.0,-260.0,80.0,5.0,365.0
927948,3,Newbie,,135.0,23.0,46.0,,240.0,292.0,607.0,90.0,180.0,-95.0,165.0
199087,4,Newbie,845.0,-115.0,23.0,146.0,318.0,-110.0,92.0,557.0,-360.0,-70.0,-195.0,-35.0
241445,1,Newbie,,,,,1218.0,440.0,1292.0,1907.0,90.0,430.0,305.0,
373068,1,Experienced,895.0,-65.0,523.0,1046.0,118.0,40.0,792.0,1407.0,,430.0,305.0,
406093,2,Experienced,995.0,135.0,523.0,846.0,418.0,40.0,392.0,1007.0,-360.0,-20.0,-95.0,65.0
525213,2,Experienced,995.0,-115.0,23.0,346.0,618.0,-10.0,292.0,907.0,-210.0,30.0,-95.0,157.0
672044,2,Newbie,995.0,-365.0,-177.0,846.0,818.0,240.0,92.0,1407.0,-410.0,-70.0,-195.0,-35.0
945756,5,Experienced,,135.0,523.0,446.0,-182.0,40.0,392.0,807.0,-110.0,130.0,5.0,165.0
035373,3,Newbie,995.0,135.0,,846.0,818.0,240.0,792.0,1407.0,-410.0,-70.0,-195.0,-35.0
088926,6,Experienced,1295.0,135.0,1123.0,1446.0,818.0,40.0,792.0,1407.0,-110.0,130.0,105.0,565.0
440791,6,Newbie,,,,,818.0,240.0,792.0,1407.0,-410.0,130.0,-195.0,365.0
653468,2,Experienced,995.0,135.0,523.0,846.0,418.0,40.0,392.0,1007.0,-210.0,130.0,5.0,365.0
825075,3,Experienced,,-365.0,-277.0,-154.0,-182.0,-260.0,-8.0,407.0,-410.0,-20.0,-145.0,165.0
029842,2,Experienced,795.0,-365.0,,-154.0,218.0,-260.0,-208.0,407.0,-310.0,-70.0,-195.0,-35.0
036952,3,Experienced,995.0,135.0,523.0,846.0,418.0,-10.0,292.0,907.0,-310.0,-70.0,-195.0,-35.0
086983,1,Experienced,1295.0,35.0,1123.0,846.0,818.0,-60.0,792.0,1207.0,-160.0,130.0,305.0,365.0
091571,1,Experienced,1095.0,135.0,923.0,1046.0,618.0,40.0,592.0,1007.0,-110.0,230.0,205.0,565.0
123886,2,Experienced,,,,,,,,2007.0,-10.0,330.0,,
411795,6,Experienced,1095.0,35.0,723.0,846.0,818.0,-60.0,592.0,807.0,90.0,130.0,105.0,365.0
760880,6,Experienced,795.0,-65.0,123.0,446.0,818.0,240.0,792.0,1407.0,-110.0,130.0,105.0,365.0
841181,1,Experienced,,235.0,723.0,1046.0,-182.0,190.0,692.0,1307.0,-310.0,130.0,105.0,565.0
088240,3,Experienced,695.0,-315.0,523.0,146.0,218.0,-210.0,792.0,707.0,-360.0,30.0,5.0,265.0
312832,3,Experienced,,-65.0,,,818.0,40.0,,,-110.0,130.0,105.0,365.0
331575,3,Experienced,,,,,,,,,,,,
982037,2,Experienced,,-365.0,523.0,646.0,-182.0,-260.0,792.0,1007.0,-210.0,430.0,5.0,765.0
570456,6,Newbie,595.0,-265.0,-227.0,46.0,-32.0,-185.0,-8.0,607.0,-360.0,-70.0,-195.0,-35.0
154916,1,Experienced,695.0,-365.0,123.0,446.0,218.0,-260.0,392.0,1007.0,-310.0,-70.0,-195.0,165.0
277315,5,Experienced,895.0,135.0,523.0,846.0,318.0,40.0,392.0,1007.0,-210.0,130.0,5.0,365.0
415334,2,Newbie,1295.0,135.0,1023.0,1346.0,818.0,240.0,792.0,1407.0,-110.0,230.0,305.0,
440837,6,Experienced,1095.0,235.0,723.0,1046.0,618.0,140.0,592.0,1207.0,-210.0,130.0,5.0,365.0
472112,4,Newbie,1295.0,135.0,923.0,1246.0,,240.0,1192.0,1807.0,-310.0,-70.0,-195.0,-35.0
564555,1,Newbie,995.0,135.0,,846.0,318.0,-10.0,,957.0,-35.0,330.0,,495.0
619160,3,Newbie,795.0,-65.0,123.0,446.0,218.0,-110.0,92.0,707.0,-110.0,130.0,-45.0,365.0
664443,2,Experienced,1195.0,385.0,523.0,1346.0,818.0,240.0,792.0,1407.0,-410.0,-70.0,-195.0,-35.0
701433,2,Newbie,1295.0,435.0,923.0,1446.0,818.0,240.0,992.0,1607.0,-110.0,230.0,105.0,565.0
719483,2,Newbie,995.0,135.0,1023.0,846.0,1218.0,,1292.0,1407.0,,330.0,55.0,
746322,3,Newbie,,-265.0,23.0,,58.0,-240.0,1124.0,1407.0,-360.0,-50.0,261.0,
813250,5,Newbie,1295.0,435.0,1123.0,1446.0,1018.0,340.0,992.0,1607.0,-410.0,-70.0,-195.0,-35.0
041396,3,Experienced,995.0,-165.0,23.0,246.0,318.0,-110.0,-8.0,607.0,-210.0,30.0,-95.0,165.0
453268,6,Newbie,,-165.0,23.0,246.0,-182.0,-160.0,-8.0,607.0,-210.0,130.0,5.0,365.0
549517,1,Newbie,995.0,-65.0,703.0,846.0,318.0,-110.0,192.0,1007.0,90.0,-70.0,-45.0,165.0
697642,5,Experienced,,-365.0,123.0,346.0,-182.0,-260.0,592.0,807.0,-285.0,230.0,55.0,465.0
196578,2,Experienced,745.0,-115.0,23.0,346.0,218.0,-60.0,192.0,807.0,-260.0,80.0,-45.0,265.0
103285,1,Experienced,895.0,-265.0,523.0,646.0,218.0,-160.0,592.0,1207.0,90.0,230.0,205.0,565.0
799194,5,Newbie,745.0,-215.0,-177.0,146.0,118.0,-160.0,-8.0,607.0,-210.0,30.0,-120.0,165.0
887336,3,Newbie,995.0,135.0,523.0,846.0,618.0,140.0,592.0,1207.0,-410.0,30.0,5.0,165.0
918294,3,Experienced,595.0,-165.0,-277.0,246.0,18.0,-160.0,-8.0,607.0,-410.0,-70.0,-195.0,165.0
145147,2,Experienced,995.0,135.0,,,418.0,40.0,792.0,1407.0,-410.0,-70.0,105.0,565.0
169983,3,Newbie,995.0,-365.0,323.0,646.0,818.0,40.0,592.0,1207.0,90.0,230.0,-195.0,-35.0
332074,1,Experienced,1295.0,135.0,1123.0,1446.0,818.0,240.0,792.0,1407.0,-60.0,130.0,105.0,365.0
388285,3,Experienced,695.0,-165.0,-77.0,246.0,18.0,-160.0,-8.0,607.0,-310.0,30.0,-145.0,65.0
416390,3,Experienced,695.0,-365.0,123.0,-154.0,218.0,-210.0,192.0,607.0,-310.0,-70.0,5.0,65.0
574675,2,Experienced,995.0,,,846.0,818.0,,,1407.0,-410.0,,,-35.0
716674,3,Newbie,895.0,35.0,323.0,646.0,218.0,-60.0,192.0,807.0,-410.0,-70.0,-195.0,-35.0
757057,5,Experienced,995.0,,523.0,846.0,818.0,,792.0,,90.0,430.0,305.0,465.0
854478,2,Experienced,995.0,35.0,523.0,446.0,418.0,40.0,392.0,807.0,-210.0,30.0,5.0,165.0
954786,3,Experienced,895.0,-165.0,323.0,446.0,618.0,-60.0,392.0,807.0,-410.0,-70.0,-195.0,-35.0
041955,4,Experienced,,-365.0,123.0,446.0,-182.0,-260.0,92.0,707.0,-410.0,-70.0,105.0,65.0
083772,2,Newbie,795.0,-265.0,723.0,1046.0,418.0,-160.0,592.0,1207.0,-310.0,30.0,5.0,365.0
253297,1,Experienced,995.0,135.0,523.0,846.0,818.0,240.0,792.0,1407.0,-160.0,130.0,5.0,365.0
740964,1,Experienced,,,,846.0,818.0,240.0,,1407.0,-410.0,-70.0,-195.0,
991682,5,Newbie,895.0,135.0,523.0,846.0,618.0,240.0,792.0,1407.0,-310.0,-70.0,-195.0,365.0
330256,2,Experienced,,-365.0,23.0,246.0,-182.0,-260.0,292.0,807.0,-310.0,-20.0,-95.0,165.0
711657,1,Newbie,695.0,-165.0,-77.0,246.0,18.0,-160.0,-8.0,607.0,-210.0,30.0,-95.0,65.0
805344,5,Newbie,995.0,-365.0,523.0,-154.0,818.0,-60.0,792.0,807.0,-310.0,130.0,5.0,365.0
002627,1,Newbie,1245.0,-115.0,23.0,46.0,1318.0,-10.0,292.0,607.0,-260.0,30.0,-95.0,165.0
044220,4,Newbie,595.0,-165.0,-77.0,246.0,18.0,-160.0,-8.0,607.0,-310.0,30.0,-95.0,165.0
064113,1,Experienced,795.0,-65.0,123.0,446.0,118.0,-110.0,92.0,707.0,-410.0,-70.0,-195.0,-35.0
269533,4,Experienced,795.0,-165.0,123.0,446.0,218.0,-160.0,192.0,807.0,-310.0,-70.0,-95.0,165.0
299950,6,Newbie,895.0,235.0,523.0,446.0,718.0,340.0,792.0,1607.0,90.0,430.0,,465.0
880545,5,Newbie,695.0,202.0,203.0,646.0,58.0,-60.0,192.0,607.0,-290.0,,,
518828,1,Experienced,995.0,135.0,523.0,846.0,418.0,40.0,392.0,1007.0,-10.0,,,
557810,1,Experienced,895.0,135.0,523.0,646.0,818.0,240.0,792.0,1207.0,-210.0,-70.0,-195.0,-35.0
824877,1,Newbie,1095.0,485.0,,1546.0,1018.0,,,2107.0,90.0,,305.0,
997853,2,Newbie,995.0,-115.0,323.0,446.0,618.0,-60.0,192.0,807.0,-110.0,80.0,5.0,365.0
068651,4,Newbie,795.0,-15.0,323.0,746.0,618.0,190.0,992.0,1607.0,-110.0,80.0,205.0,265.0
130973,1,Experienced,,135.0,1023.0,1346.0,1318.0,240.0,792.0,1407.0,-310.0,130.0,-95.0,165.0
177944,1,Experienced,795.0,135.0,321.0,446.0,-182.0,-260.0,-208.0,407.0,-110.0,230.0,105.0,565.0
241217,4,Newbie,645.0,-215.0,223.0,446.0,18.0,-160.0,292.0,907.0,-260.0,80.0,-45.0,365.0
412850,2,Experienced,995.0,135.0,523.0,846.0,818.0,240.0,792.0,1407.0,-410.0,-70.0,-195.0,-35.0
244293,2,Experienced,895.0,-115.0,-277.0,46.0,318.0,-10.0,-8.0,607.0,-310.0,130.0,55.0,365.0
335160,2,Experienced,995.0,-115.0,-327.0,-4.0,318.0,-160.0,-58.0,507.0,-360.0,-20.0,-145.0,65.0
391497,5,Experienced,995.0,135.0,723.0,1046.0,818.0,240.0,992.0,1607.0,-310.0,30.0,5.0,365.0
464961,2,Newbie,1095.0,235.0,723.0,1046.0,418.0,40.0,392.0,1007.0,-210.0,130.0,5.0,365.0
530034,1,Newbie,895.0,-365.0,323.0,646.0,418.0,-260.0,192.0,807.0,-210.0,30.0,5.0,365.0
557863,1,Newbie,895.0,-365.0,-77.0,46.0,418.0,-260.0,192.0,607.0,-410.0,-70.0,-195.0,-35.0
608019,2,Experienced,595.0,,-277.0,46.0,218.0,,-8.0,807.0,-160.0,,5.0,365.0
624814,5,Experienced,795.0,135.0,523.0,846.0,418.0,240.0,792.0,1407.0,-310.0,-70.0,5.0,465.0
645537,2,Newbie,995.0,-65.0,723.0,346.0,518.0,-60.0,592.0,707.0,-210.0,130.0,5.0,365.0
669792,5,Experienced,795.0,-65.0,123.0,446.0,318.0,-10.0,292.0,907.0,-310.0,30.0,-95.0,165.0
703486,2,Experienced,695.0,-365.0,23.0,146.0,18.0,-260.0,192.0,707.0,-410.0,130.0,5.0,165.0
745627,5,Experienced,995.0,135.0,523.0,846.0,818.0,240.0,792.0,1407.0,-410.0,-70.0,-195.0,-35.0
917582,2,Experienced,,-365.0,,-154.0,-182.0,-260.0,-208.0,407.0,-110.0,230.0,-195.0,365.0
019325,5,Experienced,995.0,135.0,,846.0,218.0,-160.0,,807.0,-410.0,-70.0,,-35.0
081661,4,Experienced,895.0,35.0,323.0,646.0,218.0,-60.0,192.0,807.0,-110.0,230.0,105.0,565.0
257346,5,Experienced,695.0,-165.0,-77.0,46.0,218.0,-160.0,92.0,607.0,-310.0,30.0,-45.0,165.0
501120,5,Newbie,1095.0,-115.0,1023.0,846.0,818.0,-10.0,792.0,1407.0,-210.0,80.0,5.0,265.0
623436,5,Experienced,695.0,-165.0,,246.0,218.0,-60.0,-208.0,807.0,-410.0,-70.0,-195.0,-35.0
876242,2,Experienced,995.0,135.0,,846.0,818.0,240.0,,1407.0,-160.0,330.0,305.0,765.0
220950,5,Newbie,995.0,-15.0,223.0,546.0,418.0,-10.0,292.0,907.0,-110.0,-70.0,-195.0,-35.0
397380,2,Newbie,,,,,818.0,,,1407.0,,,,
464642,1,Newbie,1095.0,-365.0,823.0,1146.0,818.0,-260.0,792.0,1407.0,-160.0,180.0,55.0,365.0
493953,4,Newbie,645.0,-365.0,-177.0,-4.0,-32.0,-260.0,-108.0,507.0,-335.0,5.0,-45.0,265.0
510497,1,Newbie,945.0,85.0,423.0,746.0,418.0,40.0,392.0,1007.0,-410.0,-70.0,-195.0,-35.0
521571,4,Experienced,995.0,135.0,523.0,846.0,318.0,-10.0,292.0,907.0,90.0,30.0,5.0,365.0
550380,2,Newbie,1145.0,,,446.0,818.0,,,807.0,-260.0,,,-35.0
571718,2,Experienced,995.0,-15.0,523.0,846.0,818.0,90.0,792.0,1407.0,-160.0,180.0,55.0,465.0
577952,2,Experienced,995.0,-65.0,123.0,446.0,418.0,-60.0,192.0,807.0,-110.0,30.0,-95.0,165.0
585034,2,Newbie,795.0,-215.0,223.0,346.0,418.0,-110.0,492.0,907.0,-60.0,30.0,-95.0,265.0
693044,4,Newbie,,,,,,,,2007.0,-110.0,430.0,305.0,
734226,4,Experienced,995.0,-65.0,123.0,446.0,418.0,40.0,192.0,807.0,-210.0,30.0,5.0,365.0
744736,1,Experienced,1095.0,35.0,423.0,646.0,618.0,-10.0,292.0,907.0,-210.0,80.0,-45.0,265.0
970933,5,Newbie,895.0,-65.0,323.0,446.0,418.0,-60.0,392.0,907.0,-110.0,-70.0,-195.0,-35.0
367139,5,Newbie,795.0,-65.0,123.0,546.0,318.0,-60.0,192.0,907.0,-210.0,130.0,5.0,365.0
421938,5,Experienced,895.0,35.0,323.0,646.0,618.0,140.0,592.0,1207.0,-210.0,130.0,-195.0,365.0
672679,4,Newbie,995.0,135.0,523.0,846.0,818.0,240.0,792.0,1407.0,90.0,430.0,305.0,
039071,5,Experienced,,135.0,123.0,246.0,1318.0,-10.0,92.0,707.0,90.0,80.0,-45.0,165.0
079073,5,Experienced,995.0,135.0,523.0,846.0,818.0,240.0,792.0,1407.0,-310.0,30.0,-95.0,165.0
163821,5,Newbie,1095.0,235.0,723.0,1046.0,818.0,240.0,792.0,1407.0,-210.0,230.0,105.0,565.0
170138,6,Newbie,595.0,-265.0,-277.0,46.0,18.0,-160.0,-8.0,607.0,-410.0,30.0,-95.0,165.0
252514,4,Experienced,995.0,135.0,523.0,846.0,818.0,-260.0,-208.0,407.0,-410.0,-70.0,-195.0,-35.0
262680,4,Experienced,1145.0,285.0,823.0,1146.0,1118.0,390.0,1092.0,1707.0,-410.0,-70.0,-195.0,-35.0
266756,5,Experienced,895.0,35.0,323.0,646.0,418.0,40.0,392.0,1007.0,-310.0,30.0,-95.0,165.0
285041,2,Newbie,695.0,35.0,123.0,446.0,218.0,-60.0,192.0,807.0,-360.0,130.0,-95.0,165.0
360546,4,Experienced,795.0,-165.0,123.0,446.0,218.0,-160.0,192.0,807.0,-210.0,130.0,5.0,365.0
365885,5,Experienced,1195.0,335.0,923.0,1446.0,1018.0,340.0,992.0,1807.0,-210.0,230.0,105.0,565.0
385986,2,Experienced,695.0,-165.0,323.0,246.0,218.0,-60.0,592.0,807.0,-410.0,-70.0,5.0,165.0
464595,1,Newbie,1245.0,135.0,1023.0,596.0,818.0,-10.0,-108.0,857.0,-160.0,430.0,305.0,515.0
592358,5,Experienced,995.0,135.0,523.0,846.0,818.0,240.0,792.0,1407.0,-160.0,180.0,55.0,-35.0
632066,4,Experienced,995.0,135.0,523.0,846.0,618.0,140.0,592.0,1207.0,-410.0,-70.0,-195.0,-35.0
702643,4,Experienced,1395.0,335.0,923.0,846.0,,440.0,1192.0,1407.0,-210.0,,-195.0,-35.0
762234,5,Experienced,995.0,35.0,323.0,46.0,618.0,140.0,592.0,607.0,-360.0,-20.0,-145.0,65.0
767133,2,Experienced,,-365.0,,,818.0,240.0,792.0,,-160.0,180.0,55.0,465.0
769754,5,Experienced,,,,,,,,,90.0,,305.0,565.0
799335,2,Experienced,795.0,-65.0,123.0,446.0,218.0,-60.0,192.0,807.0,-310.0,30.0,-95.0,165.0
058629,5,Experienced,795.0,-65.0,123.0,446.0,418.0,40.0,392.0,1007.0,-210.0,130.0,5.0,365.0
688653,5,Experienced,795.0,-165.0,123.0,446.0,218.0,-160.0,192.0,807.0,-210.0,30.0,-95.0,165.0
758164,5,Experienced,695.0,-165.0,123.0,46.0,218.0,-160.0,392.0,407.0,-210.0,-70.0,5.0,365.0
794698,5,Experienced,,-365.0,,-154.0,418.0,40.0,392.0,1007.0,-410.0,-70.0,-195.0,-35.0
013622,5,Experienced,1295.0,435.0,,,818.0,240.0,,2007.0,-160.0,180.0,,565.0
152037,4,Experienced,1095.0,35.0,123.0,646.0,618.0,-60.0,192.0,807.0,-210.0,-70.0,-195.0,-35.0
177225,5,Experienced,,-365.0,,196.0,-182.0,-260.0,,707.0,-310.0,30.0,,165.0
313274,4,Experienced,745.0,-215.0,223.0,346.0,118.0,-110.0,492.0,907.0,-260.0,180.0,-95.0,165.0
925225,5,Experienced,1295.0,235.0,723.0,1046.0,818.0,240.0,792.0,1407.0,-210.0,130.0,5.0,365.0
926084,2,Newbie,595.0,-365.0,523.0,246.0,18.0,-260.0,792.0,807.0,90.0,230.0,5.0,365.0
976268,1,Experienced,995.0,135.0,523.0,846.0,418.0,40.0,792.0,1007.0,-110.0,230.0,105.0,565.0
094520,4,Experienced,,135.0,,,818.0,240.0,792.0,1407.0,90.0,430.0,-195.0,-35.0
110196,5,Newbie,995.0,-365.0,,-154.0,818.0,-260.0,-208.0,407.0,-410.0,-70.0,-195.0,-35.0
167971,4,Experienced,,-365.0,123.0,-154.0,818.0,-260.0,392.0,1007.0,-410.0,-70.0,-195.0,-35.0
169395,6,Experienced,,-363.0,,-148.0,-172.0,-257.0,-206.0,411.0,-403.0,-69.0,-194.0,-33.0
203861,1,Experienced,695.0,-165.0,-77.0,246.0,218.0,-60.0,192.0,807.0,-410.0,-70.0,-195.0,-35.0
208966,5,Experienced,995.0,-165.0,523.0,846.0,418.0,-160.0,392.0,1007.0,-260.0,80.0,-45.0,265.0
209722,4,Newbie,1245.0,135.0,1023.0,1346.0,818.0,240.0,792.0,1407.0,-160.0,180.0,55.0,465.0
212220,5,Experienced,,,,,1218.0,440.0,1192.0,1807.0,90.0,30.0,-145.0,165.0
235733,4,Newbie,995.0,235.0,823.0,1046.0,218.0,-60.0,392.0,1007.0,-260.0,80.0,55.0,465.0
238527,5,Newbie,1295.0,435.0,,,1118.0,240.0,,2007.0,-410.0,-70.0,305.0,465.0
335715,1,Experienced,795.0,135.0,523.0,1246.0,18.0,40.0,392.0,1407.0,-310.0,-70.0,-95.0,365.0
356289,6,Experienced,995.0,-365.0,323.0,646.0,818.0,-60.0,392.0,1007.0,-410.0,-70.0,-195.0,-35.0
358943,4,Experienced,745.0,-165.0,-77.0,246.0,318.0,-60.0,192.0,807.0,-210.0,30.0,5.0,365.0
390136,4,Experienced,995.0,-65.0,123.0,246.0,418.0,40.0,392.0,807.0,90.0,230.0,5.0,365.0
399092,4,Experienced,995.0,135.0,1023.0,846.0,418.0,140.0,792.0,1207.0,-410.0,-70.0,5.0,-35.0
399176,2,Experienced,995.0,-365.0,523.0,446.0,418.0,-260.0,392.0,807.0,-360.0,-70.0,-195.0,-35.0
409546,1,Experienced,845.0,-365.0,223.0,446.0,518.0,-260.0,492.0,1007.0,-160.0,180.0,55.0,465.0
565117,2,Experienced,745.0,-165.0,23.0,346.0,218.0,-160.0,192.0,807.0,-410.0,-70.0,-195.0,-35.0
594214,4,Experienced,,-115.0,123.0,346.0,-182.0,-110.0,292.0,807.0,-410.0,-20.0,-145.0,-35.0
596660,4,Newbie,795.0,-65.0,123.0,446.0,218.0,40.0,192.0,807.0,-410.0,-70.0,-195.0,-35.0
622591,1,Experienced,995.0,135.0,523.0,846.0,818.0,240.0,792.0,1407.0,-410.0,180.0,-95.0,165.0
652367,1,Newbie,595.0,,,46.0,-182.0,,,607.0,90.0,,,165.0
653613,1,Experienced,1295.0,435.0,1123.0,1446.0,818.0,340.0,992.0,1607.0,-110.0,,5.0,765.0
657864,4,Experienced,1245.0,135.0,1023.0,1346.0,818.0,40.0,792.0,1407.0,90.0,430.0,,
661159,4,Experienced,,-365.0,,-154.0,-182.0,-260.0,-208.0,407.0,-410.0,-70.0,-195.0,-35.0
664773,6,Newbie,670.0,-190.0,-127.0,96.0,68.0,-135.0,42.0,557.0,-285.0,55.0,-145.0,65.0
753591,4,Newbie,995.0,-115.0,123.0,246.0,318.0,-60.0,192.0,807.0,-310.0,30.0,5.0,365.0
778235,4,Experienced,845.0,-115.0,-177.0,346.0,318.0,-110.0,-208.0,707.0,-310.0,30.0,-95.0,165.0
163814,4,Experienced,,,,,,,,,,,,
176722,1,Experienced,1245.0,35.0,523.0,846.0,818.0,-60.0,392.0,1007.0,-160.0,130.0,55.0,365.0
178811,1,Experienced,995.0,135.0,523.0,846.0,418.0,-60.0,192.0,807.0,90.0,230.0,5.0,365.0
195683,4,Experienced,695.0,-165.0,23.0,146.0,418.0,40.0,592.0,907.0,-360.0,30.0,-95.0,165.0
354228,4,Experienced,1145.0,35.0,223.0,446.0,618.0,-10.0,292.0,807.0,-160.0,30.0,-95.0,165.0
435534,1,Experienced,995.0,-15.0,323.0,646.0,418.0,40.0,392.0,1007.0,-110.0,230.0,155.0,665.0
467389,1,Newbie,595.0,-215.0,-177.0,146.0,218.0,-160.0,92.0,707.0,-410.0,-70.0,-195.0,-35.0
483621,1,Experienced,1245.0,435.0,1123.0,1446.0,818.0,240.0,592.0,1407.0,-10.0,330.0,5.0,765.0
534875,1,Experienced,695.0,135.0,523.0,846.0,218.0,240.0,792.0,907.0,-210.0,130.0,5.0,365.0
856567,4,Newbie,,,,,818.0,240.0,792.0,1407.0,-210.0,230.0,105.0,565.0
407426,4,Experienced,645.0,-215.0,-77.0,46.0,-82.0,-185.0,92.0,607.0,-210.0,-20.0,-95.0,-35.0
037986,1,Experienced,795.0,-65.0,323.0,446.0,418.0,40.0,592.0,1007.0,-410.0,-70.0,-95.0,-35.0
136553,4,Newbie,795.0,-290.0,-277.0,46.0,318.0,-185.0,-208.0,557.0,-110.0,5.0,-120.0,115.0
263185,1,Newbie,1295.0,135.0,523.0,946.0,1118.0,240.0,792.0,1537.0,-160.0,180.0,55.0,465.0
059292,1,Experienced,995.0,-115.0,223.0,346.0,818.0,40.0,792.0,1407.0,,,305.0,
085525,1,Experienced,995.0,-265.0,-277.0,46.0,318.0,-160.0,-8.0,607.0,-260.0,30.0,-95.0,365.0
086151,1,Experienced,995.0,-15.0,,846.0,818.0,40.0,792.0,1407.0,-210.0,330.0,155.0,665.0
087216,1,Experienced,995.0,-165.0,-77.0,246.0,418.0,-60.0,192.0,807.0,-410.0,-70.0,-195.0,165.0
089253,1,Newbie,795.0,144.0,523.0,1046.0,,249.0,792.0,1607.0,90.0,430.0,,
098639,1,Newbie,995.0,-65.0,123.0,446.0,818.0,40.0,392.0,1007.0,-110.0,130.0,105.0,365.0
106886,1,Experienced,595.0,-115.0,123.0,446.0,18.0,-60.0,192.0,807.0,-110.0,330.0,205.0,565.0
309445,4,Experienced,,135.0,523.0,846.0,-182.0,40.0,792.0,1407.0,90.0,230.0,105.0,565.0
345493,6,Experienced,745.0,-115.0,123.0,446.0,318.0,-10.0,392.0,1007.0,-410.0,-70.0,-195.0,-35.0
432858,4,Newbie,,,,,-182.0,,,,90.0,180.0,55.0,
893950,4,Experienced,695.0,,,246.0,18.0,,,607.0,-410.0,,,165.0
941627,6,Experienced,895.0,-165.0,-77.0,46.0,818.0,-60.0,192.0,607.0,-10.0,130.0,5.0,165.0
826479,4,Experienced,745.0,-65.0,123.0,446.0,118.0,-10.0,292.0,907.0,-410.0,-70.0,-195.0,-35.0
341184,6,Experienced,1295.0,-65.0,723.0,846.0,818.0,-60.0,792.0,907.0,-210.0,230.0,-95.0,165.0
470689,4,Experienced,995.0,85.0,423.0,546.0,318.0,-10.0,492.0,1107.0,-260.0,80.0,-45.0,265.0
452174,6,Newbie,995.0,-115.0,,346.0,418.0,-60.0,,807.0,-160.0,30.0,,165.0
519031,4,Newbie,595.0,-265.0,-277.0,46.0,18.0,-160.0,-8.0,607.0,-310.0,-70.0,-195.0,-35.0
689673,4,Experienced,895.0,-65.0,123.0,446.0,418.0,-60.0,192.0,807.0,-210.0,130.0,105.0,565.0
709131,4,Newbie,795.0,-165.0,123.0,46.0,18.0,-10.0,292.0,607.0,-160.0,180.0,-95.0,165.0
132597,6,Newbie,995.0,135.0,523.0,246.0,818.0,40.0,192.0,807.0,-410.0,-70.0,-195.0,-35.0
959216,4,Newbie,695.0,-165.0,-77.0,846.0,218.0,-60.0,192.0,1407.0,-210.0,-70.0,5.0,365.0
982164,6,Experienced,695.0,-165.0,-77.0,246.0,218.0,-60.0,192.0,807.0,-210.0,130.0,5.0,365.0
114136,4,Experienced,695.0,-65.0,323.0,646.0,18.0,-110.0,192.0,807.0,-310.0,-60.0,-185.0,-15.0
146597,6,Experienced,995.0,135.0,523.0,846.0,818.0,240.0,792.0,1407.0,-110.0,230.0,5.0,365.0
200724,4,Experienced,895.0,35.0,,846.0,618.0,140.0,,1407.0,-110.0,130.0,105.0,365.0
352621,4,Newbie,745.0,-265.0,-277.0,46.0,18.0,-210.0,-108.0,507.0,-360.0,-20.0,-145.0,15.0
435623,4,Newbie,645.0,-265.0,-277.0,846.0,218.0,-110.0,-8.0,1407.0,,430.0,-95.0,165.0
643356,4,Experienced,995.0,135.0,523.0,846.0,418.0,140.0,592.0,1207.0,-310.0,30.0,-145.0,65.0
736596,4,Experienced,995.0,135.0,723.0,846.0,218.0,-110.0,592.0,1007.0,90.0,430.0,,
781295,6,Experienced,745.0,-165.0,523.0,846.0,818.0,-60.0,792.0,1407.0,-210.0,30.0,55.0,465.0
908880,6,Experienced,795.0,-65.0,323.0,646.0,418.0,40.0,592.0,1207.0,-160.0,230.0,5.0,365.0
925918,6,Newbie,895.0,-365.0,323.0,246.0,418.0,-60.0,592.0,807.0,-10.0,230.0,105.0,565.0
926296,6,Experienced,,,,,1318.0,,,1907.0,90.0,,,
127151,6,Experienced,,-365.0,523.0,-154.0,-182.0,-260.0,392.0,407.0,-410.0,-70.0,-195.0,-35.0
336216,4,Experienced,620.0,-240.0,-227.0,96.0,18.0,-160.0,-8.0,607.0,-360.0,-20.0,-145.0,65.0
438576,6,Experienced,645.0,-365.0,,246.0,-32.0,-260.0,,707.0,-210.0,30.0,,265.0
680286,6,Experienced,1295.0,135.0,523.0,846.0,818.0,40.0,392.0,1007.0,-110.0,430.0,105.0,565.0
763573,6,Experienced,1195.0,335.0,923.0,846.0,818.0,240.0,792.0,1107.0,90.0,430.0,305.0,465.0
461318,1,Newbie,1395.0,,1323.0,,,,,2207.0,-10.0,330.0,105.0,765.0
390760,1,Experienced,1195.0,335.0,923.0,1246.0,618.0,240.0,792.0,1407.0,-210.0,30.0,5.0,-35.0
478914,2,Experienced,895.0,-365.0,323.0,646.0,-182.0,-260.0,-8.0,407.0,-10.0,330.0,105.0,765.0
826248,5,Experienced,,,,,,,,,90.0,430.0,,
344633,1,Experienced,995.0,-265.0,-77.0,246.0,18.0,-210.0,-8.0,607.0,-410.0,-70.0,-145.0,65.0
622897,3,Newbie,795.0,-365.0,-77.0,46.0,418.0,-160.0,592.0,1007.0,-310.0,30.0,-95.0,365.0
838528,1,Experienced,1295.0,,1023.0,1346.0,818.0,,792.0,1407.0,90.0,430.0,305.0,365.0
828944,4,Newbie,,-265.0,-257.0,66.0,-182.0,-160.0,12.0,627.0,-290.0,30.0,-115.0,145.0
086918,5,Newbie,,-365.0,523.0,846.0,118.0,-10.0,292.0,907.0,-210.0,30.0,-95.0,165.0
404424,1,Experienced,995.0,-365.0,123.0,446.0,618.0,-260.0,592.0,907.0,-410.0,330.0,-45.0,265.0
532252,1,Newbie,995.0,-65.0,523.0,446.0,418.0,-60.0,392.0,807.0,-310.0,30.0,-95.0,165.0
749176,2,Experienced,,-365.0,-177.0,-154.0,-182.0,-260.0,-8.0,407.0,-260.0,30.0,-95.0,165.0
771469,2,Experienced,995.0,135.0,323.0,646.0,618.0,140.0,592.0,1207.0,-210.0,130.0,-95.0,165.0
804614,2,Experienced,695.0,-165.0,-77.0,246.0,118.0,-160.0,192.0,807.0,-110.0,230.0,105.0,565.0
880186,1,Newbie,795.0,-65.0,923.0,846.0,418.0,40.0,792.0,1407.0,90.0,,,
897384,5,Experienced,795.0,-65.0,123.0,446.0,218.0,40.0,392.0,1007.0,-210.0,180.0,55.0,365.0
037360,5,Newbie,995.0,135.0,523.0,846.0,818.0,240.0,792.0,1407.0,-160.0,180.0,55.0,465.0
577031,5,Experienced,695.0,-365.0,23.0,246.0,18.0,-260.0,92.0,607.0,-410.0,-70.0,-95.0,-35.0
711516,3,Newbie,995.0,135.0,523.0,846.0,818.0,240.0,792.0,1407.0,-210.0,30.0,5.0,365.0
047431,1,Experienced,995.0,135.0,523.0,446.0,418.0,40.0,792.0,1007.0,90.0,430.0,5.0,
073314,3,Experienced,995.0,-115.0,523.0,846.0,818.0,240.0,,1907.0,-160.0,130.0,55.0,465.0
112095,1,Experienced,1295.0,235.0,723.0,1046.0,818.0,40.0,392.0,1007.0,-10.0,130.0,5.0,265.0
383042,2,Experienced,695.0,-215.0,23.0,346.0,218.0,240.0,792.0,907.0,-210.0,130.0,-45.0,265.0
388141,3,Newbie,1195.0,135.0,23.0,346.0,1218.0,240.0,-8.0,907.0,-210.0,80.0,-195.0,165.0
522555,3,Experienced,995.0,-365.0,,,,-260.0,,,90.0,230.0,305.0,565.0
593496,2,Experienced,845.0,-115.0,23.0,346.0,318.0,-60.0,192.0,807.0,-410.0,-70.0,-195.0,-35.0
933068,3,Experienced,,-365.0,523.0,846.0,-182.0,-260.0,592.0,1207.0,90.0,230.0,5.0,365.0
959648,3,Experienced,795.0,-65.0,323.0,446.0,418.0,40.0,392.0,807.0,-210.0,230.0,105.0,365.0
975792,5,Experienced,895.0,-65.0,123.0,446.0,618.0,40.0,392.0,1007.0,-110.0,-70.0,-195.0,-35.0
197612,1,Experienced,795.0,-65.0,523.0,646.0,218.0,-60.0,592.0,1007.0,-310.0,30.0,5.0,365.0
895468,1,Newbie,1295.0,135.0,523.0,846.0,818.0,140.0,592.0,1207.0,-10.0,180.0,105.0,565.0
154937,4,Newbie,995.0,-165.0,-277.0,46.0,-182.0,-260.0,-208.0,407.0,-310.0,-70.0,-195.0,-35.0
182793,2,Experienced,695.0,-165.0,-77.0,246.0,18.0,-110.0,-8.0,607.0,-110.0,80.0,5.0,565.0
338537,3,Experienced,,,,,,,,,-10.0,329.0,205.0,
350892,3,Newbie,1245.0,385.0,1023.0,1346.0,818.0,240.0,792.0,1407.0,-410.0,-70.0,-195.0,-35.0
437347,5,Experienced,945.0,-65.0,323.0,646.0,418.0,-60.0,292.0,907.0,-310.0,80.0,5.0,365.0
466675,3,Newbie,1295.0,435.0,1123.0,1446.0,818.0,240.0,792.0,1407.0,-110.0,30.0,5.0,165.0
468857,3,Experienced,995.0,235.0,723.0,1046.0,418.0,-60.0,392.0,1007.0,-110.0,,105.0,565.0
491983,3,Experienced,795.0,-165.0,-77.0,246.0,118.0,-60.0,192.0,807.0,-260.0,30.0,-145.0,165.0
135659,1,Newbie,995.0,,1123.0,,418.0,,792.0,2007.0,,130.0,,
258642,3,Experienced,795.0,135.0,723.0,846.0,218.0,40.0,592.0,1007.0,-310.0,130.0,105.0,565.0
407010,2,Experienced,545.0,-315.0,-377.0,-104.0,-82.0,-235.0,-108.0,457.0,-335.0,-20.0,-145.0,15.0
758789,2,Newbie,995.0,135.0,523.0,846.0,318.0,-10.0,292.0,907.0,-210.0,130.0,5.0,365.0
052541,3,Experienced,1245.0,,,,818.0,240.0,792.0,1407.0,,430.0,205.0,
500514,2,Experienced,995.0,-65.0,123.0,446.0,418.0,-60.0,192.0,807.0,-210.0,30.0,-95.0,165.0
837764,1,Newbie,1095.0,235.0,723.0,1046.0,618.0,140.0,592.0,1207.0,-110.0,230.0,105.0,565.0
863428,5,Experienced,,135.0,1123.0,1246.0,-182.0,240.0,1192.0,1807.0,-210.0,130.0,5.0,365.0
783525,3,Experienced,1245.0,-365.0,923.0,-154.0,1318.0,-260.0,1192.0,407.0,-410.0,-70.0,-195.0,-35.0
710486,3,Newbie,945.0,35.0,723.0,1046.0,518.0,-60.0,592.0,1207.0,-160.0,180.0,55.0,465.0
716614,2,Newbie,1195.0,435.0,1123.0,1446.0,418.0,240.0,492.0,1207.0,,,255.0,
820022,3,Newbie,1245.0,385.0,1023.0,1346.0,818.0,240.0,792.0,1407.0,-160.0,80.0,-45.0,265.0
887739,2,Experienced,995.0,135.0,523.0,846.0,218.0,-60.0,192.0,807.0,-410.0,-70.0,-195.0,-35.0
342643,1,Experienced,595.0,-65.0,-77.0,246.0,18.0,40.0,192.0,807.0,-310.0,30.0,5.0,165.0
649290,2,Experienced,695.0,-165.0,,246.0,218.0,-60.0,,1007.0,-360.0,30.0,,5.0
350479,5,Newbie,,,,,1318.0,,,2007.0,-160.0,180.0,55.0,465.0
399260,1,Experienced,995.0,-65.0,523.0,846.0,818.0,240.0,792.0,1407.0,-210.0,230.0,155.0,465.0
485486,2,Experienced,595.0,-365.0,-177.0,46.0,-182.0,-260.0,-8.0,507.0,-410.0,-70.0,-145.0,65.0
